dish,indb_name,indb_code,serving,kcal,carbs,protein,fat,fiber
Idli (1 piece),Idli,ASC144,idli,34.0,7.1,1.2,0.1,0.6
Plain dosa,Plain dosa,BFP148,dosa,138.0,23.1,3.7,3.0,1.9
Masala dosa,Masala dosa,ASC146,dosa,345.0,41.0,6.9,16.4,5.3
Poha (bowl),Poha,BFP044,bowl,161.0,19.1,3.3,7.7,2.0
Semolina upma (bowl),Semolina upma (Suji/Rava upma),BFP039,bowl,157.0,17.3,3.5,8.0,3.4
Plain paratha,Plain parantha/paratha,ASC097,parantha,166.0,17.1,2.8,9.4,3.0
Aloo paratha,Potato parantha/paratha (Aloo ka parantha/paratha),ASC098,parantha,191.0,22.3,3.5,9.5,3.9
Chapati / roti,Chapati/Roti,ASC096,chapati,73.0,12.8,2.1,1.3,2.3
Boiled rice (plate),Boiled rice (Uble chawal),ASC113,plate,352.0,77.2,7.8,0.6,3.7
Moong dal (bowl),Washed moong dal (Dhuli moong ki dal),ASC151,bowl,139.0,16.4,7.4,4.7,3.2
Rajma curry (bowl),Kidney bean curry (Rajmah curry),ASC165,bowl,172.0,19.6,7.1,6.9,7.0
Sambar (bowl),Sambar,ASC167,bowl,249.0,27.2,8.6,11.3,9.1
Khichdi (small bowl),Plain khitchdi (Plain khichri/khichdi),BFP144,small bowl,327.0,57.6,9.9,5.8,4.9
Curd rice (plate),Curd rice (Dahi bhaat/Dahi chawal/ Perugu annam/Daddojanam/Thayir saadam),ASC126,plate,423.0,71.2,12.4,9.3,4.6
Vegetable biryani (plate),Vegetable biryani/biriyani,ASC123,plate,527.0,56.0,9.5,28.7,10.0
Mutton biryani (plate),Mutton biryani/biriyani,ASC122,plate,396.0,46.7,15.3,16.1,5.0
Plain pulao (plate),Plain pulao,ASC114,plate,432.0,67.2,7.2,14.2,5.2
