patient_id,age,sex,bmi,hba1c,years_since_diagnosis,on_metformin
1,41,M,29.8,8.8,13,1
2,54,F,27.1,9.4,14,0
3,42,M,28.7,9.0,2,1
4,56,F,27.9,6.7,12,1
5,39,M,30.4,7.5,11,1
6,58,F,24.5,6.6,8,1
7,44,F,26.3,7.2,13,0
8,58,F,28.5,9.1,4,1
9,41,M,22.4,8.7,2,1
10,57,M,24.0,9.0,13,1
11,52,F,29.6,7.7,4,1
12,61,F,21.4,7.6,5,1
13,57,M,24.2,9.0,2,1
14,67,M,27.7,9.2,9,1
15,61,F,25.7,8.4,1,1
16,59,M,30.6,8.1,14,1
17,56,M,23.3,6.6,7,1
18,52,F,28.0,8.8,7,1
19,30,M,24.3,7.9,7,1
20,62,F,26.5,7.4,5,1
21,30,F,24.6,8.0,5,0
22,51,M,29.2,8.2,10,1
23,50,F,27.9,6.6,9,1
24,53,M,20.3,8.0,14,1
25,50,F,28.5,7.3,12,1
26,46,M,22.6,7.2,12,1
27,46,F,31.9,7.6,6,1
28,62,F,19.8,9.0,11,0
29,49,F,28.4,9.2,12,1
30,57,M,27.7,7.6,5,0
31,62,M,29.4,9.5,12,1
32,63,F,26.5,8.7,14,0
33,54,F,29.0,9.2,4,1
34,53,M,28.0,7.9,3,0
35,52,M,23.8,9.0,14,1
36,52,M,21.6,7.5,7,1
37,56,F,23.8,6.8,10,1
38,46,F,28.1,8.7,4,1
39,54,F,30.2,8.9,1,1
40,58,M,25.0,9.1,10,1
41,46,F,25.4,7.5,8,1
42,56,M,29.3,6.7,14,1
43,55,F,27.9,9.3,1,1
44,46,F,25.4,8.2,3,1
45,54,F,21.4,9.0,8,1
46,54,M,24.3,8.6,8,1
47,66,F,22.7,8.5,6,1
48,52,M,18.0,9.3,5,0
49,43,M,27.6,8.3,9,1
50,61,F,21.2,8.2,2,1
51,45,F,18.5,7.2,7,1
52,64,M,30.0,8.9,2,1
53,45,F,24.5,7.1,8,1
54,50,F,25.9,8.9,3,1
55,46,F,26.8,8.7,7,1
56,37,F,23.4,6.7,5,1
57,55,M,25.5,7.3,6,1
58,58,M,22.8,7.0,11,1
59,41,F,24.8,8.3,6,1
60,47,M,20.4,8.3,2,0
61,56,M,21.4,7.4,2,0
62,55,M,21.3,6.6,11,0
63,45,M,25.6,7.5,13,0
64,50,M,24.1,7.6,14,1
65,56,M,27.8,8.4,12,1
66,50,F,26.4,6.6,6,1
67,54,F,26.6,8.1,11,0
68,39,M,25.9,8.9,6,1
69,45,M,28.8,8.1,9,0
70,59,F,28.9,7.4,6,1
71,39,M,23.0,7.7,5,1
72,75,F,31.6,6.8,8,1
73,42,M,25.4,8.1,13,1
74,67,M,28.2,7.6,1,1
75,55,M,23.5,7.1,2,0
76,42,M,22.1,6.8,1,0
77,46,M,23.4,8.7,5,1
78,47,F,22.3,8.7,8,1
79,36,F,23.5,7.7,13,1
80,54,F,19.8,6.8,14,1
81,51,M,29.6,8.2,9,1
82,47,F,30.1,7.4,4,1
83,48,M,30.3,6.7,6,0
84,49,M,27.5,9.2,7,1
85,50,F,29.4,7.1,5,1
86,57,M,20.7,8.7,13,1
87,54,M,27.3,7.7,4,0
88,49,F,23.3,9.1,3,1
89,57,F,18.0,8.4,5,1
90,68,F,26.6,7.1,12,0
91,55,M,22.8,6.5,8,1
92,54,M,22.7,7.2,7,1
93,51,F,28.1,7.1,1,1
94,43,M,28.5,7.3,10,1
95,60,F,28.4,9.0,4,1
96,59,F,20.7,9.1,3,0
97,61,F,21.1,6.8,3,0
98,63,F,31.7,8.1,7,1
99,55,F,26.6,6.6,11,0
100,61,F,29.1,7.0,8,0
101,38,F,28.4,8.6,11,1
102,40,F,32.4,7.8,12,1
103,48,M,27.8,7.6,12,1
104,38,F,23.4,7.1,5,1
105,46,F,25.6,7.8,7,1
106,40,M,30.0,7.7,5,0
107,45,M,29.7,6.8,9,1
108,32,M,21.1,7.2,11,1
109,58,F,27.0,8.4,11,0
110,48,M,30.3,7.8,14,1
111,43,M,30.0,8.2,4,0
112,57,F,25.8,8.3,11,1
113,54,F,26.0,7.9,12,1
114,61,M,24.3,8.1,14,1
115,42,F,25.7,6.6,13,1
116,49,F,25.7,7.6,1,1
117,49,M,30.4,7.2,5,1
118,53,F,34.3,6.8,6,1
119,63,F,21.1,6.8,9,1
120,39,M,21.6,8.8,1,0
121,59,M,24.6,8.9,2,0
122,44,F,26.1,8.0,5,0
123,49,M,28.1,7.8,9,1
124,50,F,20.1,7.8,6,1
125,47,M,26.0,6.8,11,0
126,57,M,26.5,7.2,9,1
127,38,F,25.9,9.3,6,1
128,45,M,30.4,9.0,3,1
129,45,M,28.8,8.1,4,1
130,47,M,23.5,7.5,4,1
131,53,M,23.7,9.1,5,1
132,46,F,18.0,7.6,7,1
133,66,M,25.1,8.6,4,1
134,60,F,26.9,8.0,1,1
135,47,F,21.0,6.6,8,1
136,38,F,28.1,9.3,7,1
137,48,M,24.7,8.4,1,0
138,60,F,26.4,8.4,9,1
139,43,M,31.1,7.8,11,1
140,60,M,22.5,7.7,2,1
141,52,M,30.9,7.6,6,1
142,44,M,27.1,6.8,5,1
143,42,M,28.8,7.6,14,1
144,65,F,24.9,9.4,6,1
145,33,F,28.4,9.0,13,1
146,44,M,27.6,8.7,9,0
147,53,M,33.2,8.4,9,1
148,51,F,25.9,7.1,8,1
149,38,M,29.2,8.5,2,1
150,66,M,31.3,9.2,2,1
