patient_id,date,sleep_hours
1,2026-01-01,6.63
1,2026-01-02,8.06
1,2026-01-03,5.86
1,2026-01-04,7.58
1,2026-01-05,7.1
1,2026-01-06,6.36
1,2026-01-07,6.69
1,2026-01-08,5.02
1,2026-01-09,6.04
1,2026-01-10,6.91
1,2026-01-11,8.01
1,2026-01-12,7.57
1,2026-01-13,6.82
1,2026-01-14,6.55
2,2026-01-01,7.1
2,2026-01-02,7.33
2,2026-01-03,7.43
2,2026-01-04,4.58
2,2026-01-05,5.57
2,2026-01-06,7.91
2,2026-01-07,5.95
2,2026-01-08,8.58
2,2026-01-09,5.09
2,2026-01-10,8.61
2,2026-01-11,5.71
2,2026-01-12,4.32
2,2026-01-13,5.24
2,2026-01-14,9.0
3,2026-01-01,7.46
3,2026-01-02,4.9
3,2026-01-03,8.21
3,2026-01-04,7.25
3,2026-01-05,7.73
3,2026-01-06,4.86
3,2026-01-07,6.8
3,2026-01-08,5.42
3,2026-01-09,6.99
3,2026-01-10,6.36
3,2026-01-11,6.1
3,2026-01-12,7.49
3,2026-01-13,7.09
3,2026-01-14,7.59
4,2026-01-01,6.96
4,2026-01-02,4.0
4,2026-01-03,7.32
4,2026-01-04,7.78
4,2026-01-05,6.34
4,2026-01-06,6.52
4,2026-01-07,5.43
4,2026-01-08,7.6
4,2026-01-09,6.71
4,2026-01-10,6.46
4,2026-01-11,7.13
4,2026-01-12,6.63
4,2026-01-13,5.99
4,2026-01-14,6.38
5,2026-01-01,6.21
5,2026-01-02,6.58
5,2026-01-03,6.5
5,2026-01-04,6.62
5,2026-01-05,5.87
5,2026-01-06,7.07
5,2026-01-07,6.01
5,2026-01-08,5.31
5,2026-01-09,5.98
5,2026-01-10,5.37
5,2026-01-11,4.0
5,2026-01-12,5.84
5,2026-01-13,6.92
5,2026-01-14,7.43
6,2026-01-01,6.12
6,2026-01-02,6.77
6,2026-01-03,6.64
6,2026-01-04,7.1
6,2026-01-05,5.6
6,2026-01-06,4.21
6,2026-01-07,5.31
6,2026-01-08,7.23
6,2026-01-09,6.72
6,2026-01-10,7.24
6,2026-01-11,5.43
6,2026-01-12,5.85
6,2026-01-13,7.68
6,2026-01-14,8.07
7,2026-01-01,7.69
7,2026-01-02,6.23
7,2026-01-03,7.21
7,2026-01-04,4.5
7,2026-01-05,4.17
7,2026-01-06,6.28
7,2026-01-07,8.06
7,2026-01-08,5.16
7,2026-01-09,6.37
7,2026-01-10,7.59
7,2026-01-11,5.74
7,2026-01-12,8.2
7,2026-01-13,6.22
7,2026-01-14,7.57
8,2026-01-01,6.05
8,2026-01-02,5.38
8,2026-01-03,8.02
8,2026-01-04,6.33
8,2026-01-05,6.07
8,2026-01-06,5.91
8,2026-01-07,6.48
8,2026-01-08,7.34
8,2026-01-09,6.11
8,2026-01-10,7.52
8,2026-01-11,5.82
8,2026-01-12,6.14
8,2026-01-13,6.78
8,2026-01-14,6.9
9,2026-01-01,7.18
9,2026-01-02,6.12
9,2026-01-03,5.86
9,2026-01-04,5.35
9,2026-01-05,5.77
9,2026-01-06,6.71
9,2026-01-07,6.8
9,2026-01-08,6.53
9,2026-01-09,6.87
9,2026-01-10,5.86
9,2026-01-11,5.21
9,2026-01-12,7.82
9,2026-01-13,8.22
9,2026-01-14,6.85
10,2026-01-01,5.94
10,2026-01-02,6.08
10,2026-01-03,7.61
10,2026-01-04,7.05
10,2026-01-05,4.84
10,2026-01-06,7.53
10,2026-01-07,5.72
10,2026-01-08,8.03
10,2026-01-09,6.57
10,2026-01-10,6.14
10,2026-01-11,5.54
10,2026-01-12,5.99
10,2026-01-13,6.71
10,2026-01-14,5.97
11,2026-01-01,7.88
11,2026-01-02,6.34
11,2026-01-03,5.89
11,2026-01-04,5.6
11,2026-01-05,6.89
11,2026-01-06,7.88
11,2026-01-07,6.01
11,2026-01-08,7.16
11,2026-01-09,6.71
11,2026-01-10,6.14
11,2026-01-11,4.97
11,2026-01-12,4.85
11,2026-01-13,6.26
11,2026-01-14,6.07
12,2026-01-01,6.7
12,2026-01-02,6.92
12,2026-01-03,5.97
12,2026-01-04,5.18
12,2026-01-05,6.22
12,2026-01-06,7.49
12,2026-01-07,6.58
12,2026-01-08,4.0
12,2026-01-09,5.08
12,2026-01-10,7.42
12,2026-01-11,7.26
12,2026-01-12,6.79
12,2026-01-13,5.61
12,2026-01-14,7.24
13,2026-01-01,6.65
13,2026-01-02,6.61
13,2026-01-03,6.24
13,2026-01-04,7.37
13,2026-01-05,4.48
13,2026-01-06,4.7
13,2026-01-07,4.83
13,2026-01-08,6.64
13,2026-01-09,6.29
13,2026-01-10,6.77
13,2026-01-11,5.66
13,2026-01-12,6.75
13,2026-01-13,6.67
13,2026-01-14,4.03
14,2026-01-01,6.23
14,2026-01-02,5.09
14,2026-01-03,6.7
14,2026-01-04,7.08
14,2026-01-05,7.54
14,2026-01-06,5.88
14,2026-01-07,7.26
14,2026-01-08,7.05
14,2026-01-09,5.58
14,2026-01-10,4.69
14,2026-01-11,5.25
14,2026-01-12,7.67
14,2026-01-13,6.21
14,2026-01-14,7.17
15,2026-01-01,6.12
15,2026-01-02,5.37
15,2026-01-03,4.66
15,2026-01-04,7.49
15,2026-01-05,6.61
15,2026-01-06,6.35
15,2026-01-07,8.91
15,2026-01-08,8.36
15,2026-01-09,6.47
15,2026-01-10,7.09
15,2026-01-11,6.14
15,2026-01-12,8.88
15,2026-01-13,6.18
15,2026-01-14,7.35
16,2026-01-01,7.05
16,2026-01-02,5.75
16,2026-01-03,5.07
16,2026-01-04,7.55
16,2026-01-05,8.14
16,2026-01-06,5.56
16,2026-01-07,6.47
16,2026-01-08,5.35
16,2026-01-09,6.79
16,2026-01-10,8.09
16,2026-01-11,5.6
16,2026-01-12,5.61
16,2026-01-13,7.72
16,2026-01-14,7.91
17,2026-01-01,8.37
17,2026-01-02,7.1
17,2026-01-03,4.34
17,2026-01-04,7.16
17,2026-01-05,4.93
17,2026-01-06,6.9
17,2026-01-07,4.97
17,2026-01-08,6.16
17,2026-01-09,5.54
17,2026-01-10,6.63
17,2026-01-11,7.04
17,2026-01-12,6.05
17,2026-01-13,5.69
17,2026-01-14,7.63
18,2026-01-01,6.41
18,2026-01-02,6.48
18,2026-01-03,7.41
18,2026-01-04,7.43
18,2026-01-05,6.59
18,2026-01-06,5.69
18,2026-01-07,7.92
18,2026-01-08,5.43
18,2026-01-09,4.9
18,2026-01-10,8.31
18,2026-01-11,6.43
18,2026-01-12,7.32
18,2026-01-13,4.12
18,2026-01-14,7.07
19,2026-01-01,6.81
19,2026-01-02,6.45
19,2026-01-03,7.29
19,2026-01-04,5.49
19,2026-01-05,5.93
19,2026-01-06,6.68
19,2026-01-07,5.82
19,2026-01-08,5.48
19,2026-01-09,5.74
19,2026-01-10,7.21
19,2026-01-11,7.37
19,2026-01-12,7.69
19,2026-01-13,6.83
19,2026-01-14,6.53
20,2026-01-01,5.39
20,2026-01-02,5.81
20,2026-01-03,7.34
20,2026-01-04,6.37
20,2026-01-05,5.99
20,2026-01-06,6.95
20,2026-01-07,5.25
20,2026-01-08,7.27
20,2026-01-09,6.33
20,2026-01-10,6.93
20,2026-01-11,7.92
20,2026-01-12,5.81
20,2026-01-13,7.4
20,2026-01-14,6.28
21,2026-01-01,7.65
21,2026-01-02,6.84
21,2026-01-03,6.62
21,2026-01-04,8.03
21,2026-01-05,6.48
21,2026-01-06,5.78
21,2026-01-07,5.92
21,2026-01-08,8.41
21,2026-01-09,5.99
21,2026-01-10,6.8
21,2026-01-11,7.02
21,2026-01-12,5.62
21,2026-01-13,6.08
21,2026-01-14,7.79
22,2026-01-01,5.27
22,2026-01-02,5.33
22,2026-01-03,5.74
22,2026-01-04,6.54
22,2026-01-05,6.74
22,2026-01-06,7.74
22,2026-01-07,6.37
22,2026-01-08,7.28
22,2026-01-09,6.82
22,2026-01-10,7.83
22,2026-01-11,5.56
22,2026-01-12,7.43
22,2026-01-13,5.99
22,2026-01-14,7.63
23,2026-01-01,8.47
23,2026-01-02,7.5
23,2026-01-03,6.34
23,2026-01-04,5.47
23,2026-01-05,7.38
23,2026-01-06,7.62
23,2026-01-07,6.89
23,2026-01-08,6.69
23,2026-01-09,6.68
23,2026-01-10,6.72
23,2026-01-11,6.6
23,2026-01-12,6.83
23,2026-01-13,6.49
23,2026-01-14,5.67
24,2026-01-01,6.61
24,2026-01-02,6.1
24,2026-01-03,4.84
24,2026-01-04,5.44
24,2026-01-05,7.34
24,2026-01-06,6.13
24,2026-01-07,5.72
24,2026-01-08,5.25
24,2026-01-09,4.84
24,2026-01-10,6.29
24,2026-01-11,7.66
24,2026-01-12,4.69
24,2026-01-13,5.4
24,2026-01-14,6.67
25,2026-01-01,6.67
25,2026-01-02,6.37
25,2026-01-03,8.6
25,2026-01-04,5.18
25,2026-01-05,4.87
25,2026-01-06,7.32
25,2026-01-07,8.59
25,2026-01-08,8.2
25,2026-01-09,5.46
25,2026-01-10,7.45
25,2026-01-11,6.14
25,2026-01-12,5.51
25,2026-01-13,5.36
25,2026-01-14,6.01
26,2026-01-01,8.79
26,2026-01-02,7.25
26,2026-01-03,5.56
26,2026-01-04,5.12
26,2026-01-05,7.86
26,2026-01-06,6.68
26,2026-01-07,8.71
26,2026-01-08,5.63
26,2026-01-09,4.9
26,2026-01-10,8.01
26,2026-01-11,6.88
26,2026-01-12,7.96
26,2026-01-13,6.34
26,2026-01-14,5.61
27,2026-01-01,5.08
27,2026-01-02,6.47
27,2026-01-03,7.54
27,2026-01-04,7.32
27,2026-01-05,5.43
27,2026-01-06,6.14
27,2026-01-07,5.56
27,2026-01-08,7.11
27,2026-01-09,5.97
27,2026-01-10,5.54
27,2026-01-11,7.46
27,2026-01-12,6.93
27,2026-01-13,6.24
27,2026-01-14,6.63
28,2026-01-01,4.81
28,2026-01-02,7.6
28,2026-01-03,8.99
28,2026-01-04,7.8
28,2026-01-05,7.36
28,2026-01-06,5.57
28,2026-01-07,5.1
28,2026-01-08,6.49
28,2026-01-09,7.08
28,2026-01-10,7.49
28,2026-01-11,6.96
28,2026-01-12,6.23
28,2026-01-13,6.31
28,2026-01-14,5.65
29,2026-01-01,7.95
29,2026-01-02,5.23
29,2026-01-03,6.49
29,2026-01-04,6.35
29,2026-01-05,6.66
29,2026-01-06,7.59
29,2026-01-07,7.29
29,2026-01-08,6.62
29,2026-01-09,6.2
29,2026-01-10,7.52
29,2026-01-11,5.93
29,2026-01-12,6.04
29,2026-01-13,8.36
29,2026-01-14,7.59
30,2026-01-01,5.52
30,2026-01-02,5.55
30,2026-01-03,6.21
30,2026-01-04,6.53
30,2026-01-05,6.7
30,2026-01-06,7.93
30,2026-01-07,8.03
30,2026-01-08,6.45
30,2026-01-09,6.78
30,2026-01-10,6.84
30,2026-01-11,5.83
30,2026-01-12,6.59
30,2026-01-13,5.71
30,2026-01-14,6.31
31,2026-01-01,6.67
31,2026-01-02,6.69
31,2026-01-03,5.65
31,2026-01-04,5.95
31,2026-01-05,5.8
31,2026-01-06,6.64
31,2026-01-07,5.15
31,2026-01-08,7.36
31,2026-01-09,6.75
31,2026-01-10,8.3
31,2026-01-11,7.27
31,2026-01-12,6.02
31,2026-01-13,5.42
31,2026-01-14,7.43
32,2026-01-01,6.26
32,2026-01-02,6.78
32,2026-01-03,5.42
32,2026-01-04,5.77
32,2026-01-05,6.98
32,2026-01-06,7.25
32,2026-01-07,5.7
32,2026-01-08,7.39
32,2026-01-09,6.66
32,2026-01-10,7.37
32,2026-01-11,4.89
32,2026-01-12,5.78
32,2026-01-13,7.62
32,2026-01-14,6.35
33,2026-01-01,5.92
33,2026-01-02,6.0
33,2026-01-03,6.81
33,2026-01-04,5.82
33,2026-01-05,6.85
33,2026-01-06,5.04
33,2026-01-07,6.86
33,2026-01-08,7.26
33,2026-01-09,6.59
33,2026-01-10,7.78
33,2026-01-11,6.89
33,2026-01-12,6.76
33,2026-01-13,6.54
33,2026-01-14,8.3
34,2026-01-01,7.94
34,2026-01-02,6.84
34,2026-01-03,6.45
34,2026-01-04,6.05
34,2026-01-05,6.68
34,2026-01-06,7.51
34,2026-01-07,5.57
34,2026-01-08,6.59
34,2026-01-09,7.34
34,2026-01-10,6.14
34,2026-01-11,7.16
34,2026-01-12,6.64
34,2026-01-13,6.07
34,2026-01-14,5.69
35,2026-01-01,5.8
35,2026-01-02,8.35
35,2026-01-03,5.01
35,2026-01-04,6.5
35,2026-01-05,7.74
35,2026-01-06,4.0
35,2026-01-07,7.27
35,2026-01-08,5.4
35,2026-01-09,7.31
35,2026-01-10,7.0
35,2026-01-11,6.71
35,2026-01-12,5.58
35,2026-01-13,6.75
35,2026-01-14,5.64
36,2026-01-01,6.69
36,2026-01-02,6.84
36,2026-01-03,6.65
36,2026-01-04,8.1
36,2026-01-05,7.13
36,2026-01-06,4.87
36,2026-01-07,6.19
36,2026-01-08,5.5
36,2026-01-09,5.8
36,2026-01-10,5.77
36,2026-01-11,7.66
36,2026-01-12,7.13
36,2026-01-13,7.83
36,2026-01-14,6.5
37,2026-01-01,6.35
37,2026-01-02,8.21
37,2026-01-03,4.78
37,2026-01-04,8.51
37,2026-01-05,8.37
37,2026-01-06,7.57
37,2026-01-07,7.13
37,2026-01-08,6.52
37,2026-01-09,4.5
37,2026-01-10,5.1
37,2026-01-11,4.87
37,2026-01-12,6.55
37,2026-01-13,5.94
37,2026-01-14,5.14
38,2026-01-01,5.64
38,2026-01-02,6.06
38,2026-01-03,5.09
38,2026-01-04,7.31
38,2026-01-05,8.66
38,2026-01-06,6.87
38,2026-01-07,5.22
38,2026-01-08,5.64
38,2026-01-09,5.54
38,2026-01-10,7.24
38,2026-01-11,4.13
38,2026-01-12,5.22
38,2026-01-13,5.08
38,2026-01-14,7.51
39,2026-01-01,7.71
39,2026-01-02,7.1
39,2026-01-03,6.68
39,2026-01-04,6.42
39,2026-01-05,7.03
39,2026-01-06,6.53
39,2026-01-07,8.35
39,2026-01-08,5.26
39,2026-01-09,7.25
39,2026-01-10,7.14
39,2026-01-11,5.87
39,2026-01-12,6.47
39,2026-01-13,9.0
39,2026-01-14,6.89
40,2026-01-01,7.28
40,2026-01-02,4.87
40,2026-01-03,6.85
40,2026-01-04,5.38
40,2026-01-05,6.82
40,2026-01-06,6.8
40,2026-01-07,9.0
40,2026-01-08,5.14
40,2026-01-09,5.19
40,2026-01-10,5.65
40,2026-01-11,5.34
40,2026-01-12,7.67
40,2026-01-13,6.19
40,2026-01-14,6.3
41,2026-01-01,7.33
41,2026-01-02,5.79
41,2026-01-03,6.32
41,2026-01-04,7.53
41,2026-01-05,5.24
41,2026-01-06,7.71
41,2026-01-07,4.16
41,2026-01-08,8.16
41,2026-01-09,8.53
41,2026-01-10,7.18
41,2026-01-11,6.54
41,2026-01-12,7.06
41,2026-01-13,7.88
41,2026-01-14,6.18
42,2026-01-01,6.78
42,2026-01-02,6.63
42,2026-01-03,7.5
42,2026-01-04,4.0
42,2026-01-05,6.28
42,2026-01-06,6.4
42,2026-01-07,6.24
42,2026-01-08,6.29
42,2026-01-09,5.27
42,2026-01-10,6.24
42,2026-01-11,4.0
42,2026-01-12,6.2
42,2026-01-13,5.04
42,2026-01-14,6.68
43,2026-01-01,5.86
43,2026-01-02,7.89
43,2026-01-03,6.33
43,2026-01-04,5.93
43,2026-01-05,6.55
43,2026-01-06,7.65
43,2026-01-07,4.22
43,2026-01-08,6.91
43,2026-01-09,5.93
43,2026-01-10,7.32
43,2026-01-11,8.19
43,2026-01-12,5.72
43,2026-01-13,5.66
43,2026-01-14,6.82
44,2026-01-01,6.33
44,2026-01-02,4.86
44,2026-01-03,7.07
44,2026-01-04,7.81
44,2026-01-05,7.64
44,2026-01-06,4.14
44,2026-01-07,7.66
44,2026-01-08,4.89
44,2026-01-09,6.52
44,2026-01-10,5.56
44,2026-01-11,7.37
44,2026-01-12,5.53
44,2026-01-13,6.74
44,2026-01-14,5.57
45,2026-01-01,6.24
45,2026-01-02,6.74
45,2026-01-03,7.98
45,2026-01-04,5.82
45,2026-01-05,5.4
45,2026-01-06,9.0
45,2026-01-07,7.2
45,2026-01-08,6.56
45,2026-01-09,6.55
45,2026-01-10,7.7
45,2026-01-11,6.67
45,2026-01-12,7.23
45,2026-01-13,7.25
45,2026-01-14,7.86
46,2026-01-01,5.77
46,2026-01-02,7.06
46,2026-01-03,9.0
46,2026-01-04,7.04
46,2026-01-05,7.84
46,2026-01-06,5.95
46,2026-01-07,6.92
46,2026-01-08,6.64
46,2026-01-09,5.28
46,2026-01-10,5.44
46,2026-01-11,6.23
46,2026-01-12,6.82
46,2026-01-13,6.08
46,2026-01-14,6.95
47,2026-01-01,5.76
47,2026-01-02,6.25
47,2026-01-03,4.16
47,2026-01-04,7.02
47,2026-01-05,5.54
47,2026-01-06,6.52
47,2026-01-07,6.1
47,2026-01-08,6.5
47,2026-01-09,7.52
47,2026-01-10,6.62
47,2026-01-11,7.9
47,2026-01-12,4.0
47,2026-01-13,4.65
47,2026-01-14,7.62
48,2026-01-01,5.68
48,2026-01-02,9.0
48,2026-01-03,5.7
48,2026-01-04,7.12
48,2026-01-05,7.89
48,2026-01-06,5.09
48,2026-01-07,6.9
48,2026-01-08,8.1
48,2026-01-09,8.69
48,2026-01-10,6.65
48,2026-01-11,5.0
48,2026-01-12,6.9
48,2026-01-13,5.69
48,2026-01-14,6.76
49,2026-01-01,6.52
49,2026-01-02,6.43
49,2026-01-03,6.17
49,2026-01-04,7.23
49,2026-01-05,5.87
49,2026-01-06,5.26
49,2026-01-07,5.17
49,2026-01-08,7.11
49,2026-01-09,6.93
49,2026-01-10,6.52
49,2026-01-11,6.88
49,2026-01-12,7.75
49,2026-01-13,5.4
49,2026-01-14,6.56
50,2026-01-01,6.64
50,2026-01-02,5.75
50,2026-01-03,6.24
50,2026-01-04,6.54
50,2026-01-05,8.57
50,2026-01-06,6.33
50,2026-01-07,6.82
50,2026-01-08,7.3
50,2026-01-09,7.85
50,2026-01-10,5.73
50,2026-01-11,7.26
50,2026-01-12,4.92
50,2026-01-13,5.81
50,2026-01-14,6.71
51,2026-01-01,6.12
51,2026-01-02,7.37
51,2026-01-03,4.0
51,2026-01-04,6.58
51,2026-01-05,4.61
51,2026-01-06,7.15
51,2026-01-07,8.57
51,2026-01-08,6.9
51,2026-01-09,8.32
51,2026-01-10,6.99
51,2026-01-11,6.56
51,2026-01-12,7.31
51,2026-01-13,6.87
51,2026-01-14,5.55
52,2026-01-01,7.77
52,2026-01-02,6.5
52,2026-01-03,6.96
52,2026-01-04,6.01
52,2026-01-05,5.09
52,2026-01-06,6.88
52,2026-01-07,7.11
52,2026-01-08,4.89
52,2026-01-09,6.76
52,2026-01-10,4.43
52,2026-01-11,7.13
52,2026-01-12,6.43
52,2026-01-13,6.02
52,2026-01-14,7.57
53,2026-01-01,6.88
53,2026-01-02,5.79
53,2026-01-03,6.87
53,2026-01-04,7.9
53,2026-01-05,6.96
53,2026-01-06,5.6
53,2026-01-07,7.8
53,2026-01-08,6.91
53,2026-01-09,6.75
53,2026-01-10,6.05
53,2026-01-11,6.61
53,2026-01-12,8.13
53,2026-01-13,6.56
53,2026-01-14,7.83
54,2026-01-01,6.17
54,2026-01-02,4.8
54,2026-01-03,6.25
54,2026-01-04,5.46
54,2026-01-05,6.03
54,2026-01-06,7.41
54,2026-01-07,7.31
54,2026-01-08,6.2
54,2026-01-09,6.4
54,2026-01-10,7.7
54,2026-01-11,7.38
54,2026-01-12,6.3
54,2026-01-13,7.12
54,2026-01-14,6.01
55,2026-01-01,6.22
55,2026-01-02,5.98
55,2026-01-03,6.11
55,2026-01-04,7.51
55,2026-01-05,6.01
55,2026-01-06,8.4
55,2026-01-07,6.05
55,2026-01-08,8.13
55,2026-01-09,6.56
55,2026-01-10,7.54
55,2026-01-11,7.56
55,2026-01-12,5.73
55,2026-01-13,7.43
55,2026-01-14,5.32
56,2026-01-01,6.73
56,2026-01-02,6.2
56,2026-01-03,7.23
56,2026-01-04,5.68
56,2026-01-05,5.21
56,2026-01-06,4.93
56,2026-01-07,7.65
56,2026-01-08,6.54
56,2026-01-09,4.0
56,2026-01-10,6.77
56,2026-01-11,6.72
56,2026-01-12,7.65
56,2026-01-13,7.54
56,2026-01-14,5.64
57,2026-01-01,4.34
57,2026-01-02,8.63
57,2026-01-03,6.63
57,2026-01-04,5.24
57,2026-01-05,7.63
57,2026-01-06,4.36
57,2026-01-07,6.99
57,2026-01-08,5.03
57,2026-01-09,8.35
57,2026-01-10,7.0
57,2026-01-11,7.96
57,2026-01-12,8.56
57,2026-01-13,6.3
57,2026-01-14,5.79
58,2026-01-01,4.47
58,2026-01-02,7.02
58,2026-01-03,6.25
58,2026-01-04,6.07
58,2026-01-05,9.0
58,2026-01-06,7.1
58,2026-01-07,6.82
58,2026-01-08,6.2
58,2026-01-09,7.62
58,2026-01-10,7.41
58,2026-01-11,6.56
58,2026-01-12,6.6
58,2026-01-13,6.91
58,2026-01-14,6.15
59,2026-01-01,5.85
59,2026-01-02,6.88
59,2026-01-03,6.36
59,2026-01-04,6.96
59,2026-01-05,6.73
59,2026-01-06,5.32
59,2026-01-07,7.44
59,2026-01-08,7.3
59,2026-01-09,6.87
59,2026-01-10,8.36
59,2026-01-11,7.84
59,2026-01-12,5.82
59,2026-01-13,7.06
59,2026-01-14,6.13
60,2026-01-01,5.14
60,2026-01-02,5.82
60,2026-01-03,6.8
60,2026-01-04,6.92
60,2026-01-05,4.26
60,2026-01-06,8.83
60,2026-01-07,6.64
60,2026-01-08,7.56
60,2026-01-09,7.31
60,2026-01-10,8.97
60,2026-01-11,8.49
60,2026-01-12,5.3
60,2026-01-13,7.13
60,2026-01-14,7.11
61,2026-01-01,6.87
61,2026-01-02,6.96
61,2026-01-03,6.8
61,2026-01-04,8.39
61,2026-01-05,7.26
61,2026-01-06,6.25
61,2026-01-07,5.73
61,2026-01-08,6.56
61,2026-01-09,7.55
61,2026-01-10,7.14
61,2026-01-11,7.3
61,2026-01-12,6.75
61,2026-01-13,5.99
61,2026-01-14,7.63
62,2026-01-01,5.39
62,2026-01-02,6.02
62,2026-01-03,7.18
62,2026-01-04,8.04
62,2026-01-05,5.99
62,2026-01-06,7.86
62,2026-01-07,7.48
62,2026-01-08,7.07
62,2026-01-09,4.22
62,2026-01-10,6.57
62,2026-01-11,7.52
62,2026-01-12,5.49
62,2026-01-13,7.77
62,2026-01-14,6.86
63,2026-01-01,5.98
63,2026-01-02,7.6
63,2026-01-03,6.44
63,2026-01-04,6.79
63,2026-01-05,5.83
63,2026-01-06,7.8
63,2026-01-07,5.99
63,2026-01-08,6.61
63,2026-01-09,5.98
63,2026-01-10,8.96
63,2026-01-11,6.37
63,2026-01-12,6.74
63,2026-01-13,8.35
63,2026-01-14,7.7
64,2026-01-01,5.31
64,2026-01-02,7.27
64,2026-01-03,6.41
64,2026-01-04,7.21
64,2026-01-05,4.0
64,2026-01-06,8.22
64,2026-01-07,6.75
64,2026-01-08,5.36
64,2026-01-09,5.75
64,2026-01-10,8.26
64,2026-01-11,5.97
64,2026-01-12,4.84
64,2026-01-13,6.65
64,2026-01-14,5.33
65,2026-01-01,4.93
65,2026-01-02,7.83
65,2026-01-03,5.6
65,2026-01-04,7.21
65,2026-01-05,5.42
65,2026-01-06,6.23
65,2026-01-07,7.69
65,2026-01-08,6.85
65,2026-01-09,5.8
65,2026-01-10,6.72
65,2026-01-11,7.14
65,2026-01-12,6.98
65,2026-01-13,6.13
65,2026-01-14,5.97
66,2026-01-01,7.13
66,2026-01-02,5.59
66,2026-01-03,6.49
66,2026-01-04,6.21
66,2026-01-05,6.21
66,2026-01-06,9.0
66,2026-01-07,6.09
66,2026-01-08,5.25
66,2026-01-09,6.64
66,2026-01-10,6.99
66,2026-01-11,5.33
66,2026-01-12,6.28
66,2026-01-13,7.52
66,2026-01-14,4.19
67,2026-01-01,7.77
67,2026-01-02,7.2
67,2026-01-03,6.17
67,2026-01-04,4.99
67,2026-01-05,7.01
67,2026-01-06,7.47
67,2026-01-07,5.53
67,2026-01-08,7.71
67,2026-01-09,7.06
67,2026-01-10,6.81
67,2026-01-11,8.32
67,2026-01-12,6.79
67,2026-01-13,5.81
67,2026-01-14,6.63
68,2026-01-01,6.06
68,2026-01-02,7.32
68,2026-01-03,5.63
68,2026-01-04,5.52
68,2026-01-05,7.08
68,2026-01-06,6.06
68,2026-01-07,7.53
68,2026-01-08,5.0
68,2026-01-09,5.01
68,2026-01-10,4.53
68,2026-01-11,7.79
68,2026-01-12,7.0
68,2026-01-13,6.55
68,2026-01-14,7.26
69,2026-01-01,8.47
69,2026-01-02,6.68
69,2026-01-03,7.03
69,2026-01-04,5.39
69,2026-01-05,8.84
69,2026-01-06,4.76
69,2026-01-07,6.79
69,2026-01-08,6.22
69,2026-01-09,5.86
69,2026-01-10,7.39
69,2026-01-11,7.32
69,2026-01-12,6.47
69,2026-01-13,6.29
69,2026-01-14,6.41
70,2026-01-01,7.3
70,2026-01-02,5.38
70,2026-01-03,4.79
70,2026-01-04,5.27
70,2026-01-05,7.64
70,2026-01-06,5.54
70,2026-01-07,6.59
70,2026-01-08,6.87
70,2026-01-09,5.64
70,2026-01-10,7.55
70,2026-01-11,4.9
70,2026-01-12,6.1
70,2026-01-13,5.56
70,2026-01-14,7.16
71,2026-01-01,7.21
71,2026-01-02,7.67
71,2026-01-03,5.91
71,2026-01-04,7.02
71,2026-01-05,4.28
71,2026-01-06,7.18
71,2026-01-07,7.1
71,2026-01-08,6.19
71,2026-01-09,5.06
71,2026-01-10,6.66
71,2026-01-11,6.59
71,2026-01-12,5.49
71,2026-01-13,4.68
71,2026-01-14,7.05
72,2026-01-01,4.0
72,2026-01-02,5.35
72,2026-01-03,6.65
72,2026-01-04,7.61
72,2026-01-05,7.32
72,2026-01-06,8.16
72,2026-01-07,5.69
72,2026-01-08,8.74
72,2026-01-09,4.71
72,2026-01-10,6.6
72,2026-01-11,6.84
72,2026-01-12,6.44
72,2026-01-13,7.86
72,2026-01-14,8.16
73,2026-01-01,6.19
73,2026-01-02,5.23
73,2026-01-03,6.42
73,2026-01-04,7.3
73,2026-01-05,5.9
73,2026-01-06,6.74
73,2026-01-07,5.32
73,2026-01-08,5.52
73,2026-01-09,4.34
73,2026-01-10,7.4
73,2026-01-11,7.31
73,2026-01-12,7.28
73,2026-01-13,6.22
73,2026-01-14,6.35
74,2026-01-01,6.13
74,2026-01-02,6.02
74,2026-01-03,7.37
74,2026-01-04,6.75
74,2026-01-05,5.7
74,2026-01-06,4.07
74,2026-01-07,6.74
74,2026-01-08,5.74
74,2026-01-09,6.35
74,2026-01-10,5.04
74,2026-01-11,8.14
74,2026-01-12,7.05
74,2026-01-13,6.67
74,2026-01-14,5.54
75,2026-01-01,6.82
75,2026-01-02,6.57
75,2026-01-03,6.02
75,2026-01-04,7.6
75,2026-01-05,7.09
75,2026-01-06,6.63
75,2026-01-07,6.7
75,2026-01-08,6.43
75,2026-01-09,6.17
75,2026-01-10,7.22
75,2026-01-11,6.32
75,2026-01-12,5.97
75,2026-01-13,6.25
75,2026-01-14,7.34
76,2026-01-01,5.6
76,2026-01-02,4.64
76,2026-01-03,6.64
76,2026-01-04,6.89
76,2026-01-05,6.55
76,2026-01-06,9.0
76,2026-01-07,6.17
76,2026-01-08,6.64
76,2026-01-09,5.89
76,2026-01-10,7.15
76,2026-01-11,6.92
76,2026-01-12,4.15
76,2026-01-13,4.9
76,2026-01-14,4.95
77,2026-01-01,7.17
77,2026-01-02,4.15
77,2026-01-03,8.77
77,2026-01-04,7.24
77,2026-01-05,7.31
77,2026-01-06,6.91
77,2026-01-07,6.34
77,2026-01-08,6.78
77,2026-01-09,8.23
77,2026-01-10,7.32
77,2026-01-11,5.06
77,2026-01-12,6.66
77,2026-01-13,8.62
77,2026-01-14,7.58
78,2026-01-01,7.57
78,2026-01-02,6.69
78,2026-01-03,6.72
78,2026-01-04,6.8
78,2026-01-05,7.13
78,2026-01-06,5.08
78,2026-01-07,9.0
78,2026-01-08,6.09
78,2026-01-09,6.28
78,2026-01-10,5.26
78,2026-01-11,8.54
78,2026-01-12,7.51
78,2026-01-13,6.28
78,2026-01-14,5.07
79,2026-01-01,4.36
79,2026-01-02,5.04
79,2026-01-03,7.23
79,2026-01-04,7.09
79,2026-01-05,4.78
79,2026-01-06,7.43
79,2026-01-07,7.59
79,2026-01-08,5.73
79,2026-01-09,6.87
79,2026-01-10,7.88
79,2026-01-11,7.91
79,2026-01-12,6.82
79,2026-01-13,7.92
79,2026-01-14,5.43
80,2026-01-01,6.45
80,2026-01-02,6.56
80,2026-01-03,6.1
80,2026-01-04,5.83
80,2026-01-05,6.62
80,2026-01-06,5.85
80,2026-01-07,6.19
80,2026-01-08,6.76
80,2026-01-09,5.85
80,2026-01-10,6.09
80,2026-01-11,7.27
80,2026-01-12,7.51
80,2026-01-13,5.77
80,2026-01-14,8.79
81,2026-01-01,6.43
81,2026-01-02,5.11
81,2026-01-03,5.6
81,2026-01-04,7.03
81,2026-01-05,6.18
81,2026-01-06,6.49
81,2026-01-07,6.67
81,2026-01-08,5.96
81,2026-01-09,7.59
81,2026-01-10,6.28
81,2026-01-11,5.42
81,2026-01-12,6.74
81,2026-01-13,6.96
81,2026-01-14,5.49
82,2026-01-01,6.51
82,2026-01-02,6.64
82,2026-01-03,7.09
82,2026-01-04,6.4
82,2026-01-05,6.98
82,2026-01-06,7.22
82,2026-01-07,7.68
82,2026-01-08,6.06
82,2026-01-09,6.51
82,2026-01-10,6.33
82,2026-01-11,7.52
82,2026-01-12,4.88
82,2026-01-13,6.91
82,2026-01-14,6.86
83,2026-01-01,8.43
83,2026-01-02,6.0
83,2026-01-03,4.47
83,2026-01-04,6.37
83,2026-01-05,6.59
83,2026-01-06,7.31
83,2026-01-07,6.72
83,2026-01-08,6.07
83,2026-01-09,5.84
83,2026-01-10,7.07
83,2026-01-11,5.84
83,2026-01-12,6.44
83,2026-01-13,7.34
83,2026-01-14,7.37
84,2026-01-01,6.92
84,2026-01-02,5.75
84,2026-01-03,7.89
84,2026-01-04,6.02
84,2026-01-05,5.1
84,2026-01-06,5.26
84,2026-01-07,4.87
84,2026-01-08,6.0
84,2026-01-09,6.61
84,2026-01-10,7.29
84,2026-01-11,6.98
84,2026-01-12,6.59
84,2026-01-13,6.76
84,2026-01-14,7.44
85,2026-01-01,5.06
85,2026-01-02,6.24
85,2026-01-03,6.15
85,2026-01-04,8.18
85,2026-01-05,5.27
85,2026-01-06,6.41
85,2026-01-07,7.71
85,2026-01-08,8.31
85,2026-01-09,5.51
85,2026-01-10,5.82
85,2026-01-11,5.51
85,2026-01-12,6.39
85,2026-01-13,7.73
85,2026-01-14,6.7
86,2026-01-01,4.88
86,2026-01-02,7.35
86,2026-01-03,7.72
86,2026-01-04,5.52
86,2026-01-05,6.16
86,2026-01-06,6.27
86,2026-01-07,6.61
86,2026-01-08,6.46
86,2026-01-09,6.76
86,2026-01-10,7.53
86,2026-01-11,6.36
86,2026-01-12,6.82
86,2026-01-13,8.73
86,2026-01-14,6.59
87,2026-01-01,7.48
87,2026-01-02,7.8
87,2026-01-03,5.37
87,2026-01-04,6.17
87,2026-01-05,5.46
87,2026-01-06,6.18
87,2026-01-07,8.07
87,2026-01-08,6.47
87,2026-01-09,8.34
87,2026-01-10,6.53
87,2026-01-11,6.24
87,2026-01-12,6.95
87,2026-01-13,7.19
87,2026-01-14,6.57
88,2026-01-01,8.14
88,2026-01-02,7.48
88,2026-01-03,6.52
88,2026-01-04,6.26
88,2026-01-05,6.11
88,2026-01-06,7.7
88,2026-01-07,4.83
88,2026-01-08,6.12
88,2026-01-09,6.3
88,2026-01-10,6.43
88,2026-01-11,6.87
88,2026-01-12,5.34
88,2026-01-13,7.16
88,2026-01-14,6.82
89,2026-01-01,7.2
89,2026-01-02,7.66
89,2026-01-03,6.28
89,2026-01-04,7.73
89,2026-01-05,5.01
89,2026-01-06,6.8
89,2026-01-07,5.32
89,2026-01-08,8.89
89,2026-01-09,7.26
89,2026-01-10,7.17
89,2026-01-11,6.0
89,2026-01-12,6.35
89,2026-01-13,5.57
89,2026-01-14,6.17
90,2026-01-01,7.25
90,2026-01-02,4.32
90,2026-01-03,5.25
90,2026-01-04,7.68
90,2026-01-05,4.01
90,2026-01-06,7.33
90,2026-01-07,5.45
90,2026-01-08,7.42
90,2026-01-09,6.08
90,2026-01-10,6.15
90,2026-01-11,6.19
90,2026-01-12,5.39
90,2026-01-13,5.93
90,2026-01-14,6.8
91,2026-01-01,6.36
91,2026-01-02,6.53
91,2026-01-03,6.17
91,2026-01-04,6.14
91,2026-01-05,7.38
91,2026-01-06,6.04
91,2026-01-07,6.51
91,2026-01-08,6.6
91,2026-01-09,6.03
91,2026-01-10,5.45
91,2026-01-11,6.38
91,2026-01-12,8.46
91,2026-01-13,8.09
91,2026-01-14,6.93
92,2026-01-01,6.5
92,2026-01-02,5.94
92,2026-01-03,7.62
92,2026-01-04,5.92
92,2026-01-05,6.01
92,2026-01-06,8.1
92,2026-01-07,6.76
92,2026-01-08,6.93
92,2026-01-09,7.12
92,2026-01-10,6.71
92,2026-01-11,8.64
92,2026-01-12,7.39
92,2026-01-13,4.91
92,2026-01-14,6.25
93,2026-01-01,7.06
93,2026-01-02,5.43
93,2026-01-03,5.72
93,2026-01-04,7.04
93,2026-01-05,5.08
93,2026-01-06,6.3
93,2026-01-07,6.89
93,2026-01-08,6.3
93,2026-01-09,6.13
93,2026-01-10,5.36
93,2026-01-11,6.0
93,2026-01-12,6.96
93,2026-01-13,8.32
93,2026-01-14,6.51
94,2026-01-01,6.64
94,2026-01-02,9.0
94,2026-01-03,7.05
94,2026-01-04,5.35
94,2026-01-05,6.66
94,2026-01-06,5.91
94,2026-01-07,5.55
94,2026-01-08,7.54
94,2026-01-09,7.04
94,2026-01-10,8.91
94,2026-01-11,6.36
94,2026-01-12,8.02
94,2026-01-13,4.31
94,2026-01-14,6.06
95,2026-01-01,5.44
95,2026-01-02,4.65
95,2026-01-03,6.35
95,2026-01-04,6.63
95,2026-01-05,5.17
95,2026-01-06,6.99
95,2026-01-07,6.03
95,2026-01-08,5.37
95,2026-01-09,6.72
95,2026-01-10,7.23
95,2026-01-11,7.45
95,2026-01-12,5.11
95,2026-01-13,6.72
95,2026-01-14,6.43
96,2026-01-01,7.19
96,2026-01-02,4.0
96,2026-01-03,5.48
96,2026-01-04,6.11
96,2026-01-05,7.3
96,2026-01-06,7.62
96,2026-01-07,7.99
96,2026-01-08,7.66
96,2026-01-09,6.31
96,2026-01-10,4.0
96,2026-01-11,5.24
96,2026-01-12,8.85
96,2026-01-13,5.61
96,2026-01-14,6.03
97,2026-01-01,7.1
97,2026-01-02,7.38
97,2026-01-03,6.12
97,2026-01-04,6.96
97,2026-01-05,6.1
97,2026-01-06,5.78
97,2026-01-07,6.06
97,2026-01-08,7.47
97,2026-01-09,6.68
97,2026-01-10,6.5
97,2026-01-11,8.68
97,2026-01-12,6.5
97,2026-01-13,5.11
97,2026-01-14,7.19
98,2026-01-01,5.71
98,2026-01-02,6.21
98,2026-01-03,4.15
98,2026-01-04,7.42
98,2026-01-05,5.03
98,2026-01-06,7.55
98,2026-01-07,5.37
98,2026-01-08,6.13
98,2026-01-09,5.32
98,2026-01-10,5.89
98,2026-01-11,7.44
98,2026-01-12,7.51
98,2026-01-13,7.36
98,2026-01-14,6.43
99,2026-01-01,5.39
99,2026-01-02,6.4
99,2026-01-03,6.56
99,2026-01-04,5.34
99,2026-01-05,5.33
99,2026-01-06,6.59
99,2026-01-07,5.71
99,2026-01-08,4.81
99,2026-01-09,8.14
99,2026-01-10,5.34
99,2026-01-11,7.08
99,2026-01-12,7.22
99,2026-01-13,5.69
99,2026-01-14,6.96
100,2026-01-01,7.31
100,2026-01-02,6.22
100,2026-01-03,6.06
100,2026-01-04,7.32
100,2026-01-05,6.16
100,2026-01-06,5.49
100,2026-01-07,5.89
100,2026-01-08,4.0
100,2026-01-09,5.45
100,2026-01-10,6.42
100,2026-01-11,4.6
100,2026-01-12,6.32
100,2026-01-13,6.11
100,2026-01-14,6.15
101,2026-01-01,5.0
101,2026-01-02,6.02
101,2026-01-03,6.19
101,2026-01-04,4.53
101,2026-01-05,7.23
101,2026-01-06,7.06
101,2026-01-07,5.08
101,2026-01-08,7.92
101,2026-01-09,7.19
101,2026-01-10,8.01
101,2026-01-11,5.99
101,2026-01-12,6.39
101,2026-01-13,7.66
101,2026-01-14,6.54
102,2026-01-01,7.19
102,2026-01-02,6.56
102,2026-01-03,5.28
102,2026-01-04,5.65
102,2026-01-05,6.45
102,2026-01-06,6.74
102,2026-01-07,4.93
102,2026-01-08,6.22
102,2026-01-09,6.72
102,2026-01-10,7.49
102,2026-01-11,6.9
102,2026-01-12,5.8
102,2026-01-13,6.3
102,2026-01-14,6.76
103,2026-01-01,4.0
103,2026-01-02,6.44
103,2026-01-03,6.83
103,2026-01-04,6.81
103,2026-01-05,6.21
103,2026-01-06,5.04
103,2026-01-07,6.0
103,2026-01-08,5.07
103,2026-01-09,5.96
103,2026-01-10,6.75
103,2026-01-11,5.78
103,2026-01-12,8.12
103,2026-01-13,7.97
103,2026-01-14,5.67
104,2026-01-01,6.29
104,2026-01-02,7.11
104,2026-01-03,6.73
104,2026-01-04,6.48
104,2026-01-05,5.92
104,2026-01-06,6.62
104,2026-01-07,6.17
104,2026-01-08,4.61
104,2026-01-09,5.28
104,2026-01-10,6.55
104,2026-01-11,6.77
104,2026-01-12,4.46
104,2026-01-13,6.48
104,2026-01-14,5.67
105,2026-01-01,7.85
105,2026-01-02,5.45
105,2026-01-03,6.35
105,2026-01-04,8.64
105,2026-01-05,5.83
105,2026-01-06,7.82
105,2026-01-07,7.08
105,2026-01-08,6.0
105,2026-01-09,5.86
105,2026-01-10,5.24
105,2026-01-11,6.61
105,2026-01-12,4.63
105,2026-01-13,6.79
105,2026-01-14,5.61
106,2026-01-01,8.74
106,2026-01-02,6.16
106,2026-01-03,5.98
106,2026-01-04,5.71
106,2026-01-05,4.79
106,2026-01-06,6.93
106,2026-01-07,7.49
106,2026-01-08,7.68
106,2026-01-09,6.57
106,2026-01-10,6.49
106,2026-01-11,5.98
106,2026-01-12,4.53
106,2026-01-13,7.21
106,2026-01-14,7.44
107,2026-01-01,7.35
107,2026-01-02,7.54
107,2026-01-03,5.24
107,2026-01-04,7.8
107,2026-01-05,6.78
107,2026-01-06,7.37
107,2026-01-07,6.15
107,2026-01-08,6.55
107,2026-01-09,7.35
107,2026-01-10,5.62
107,2026-01-11,6.27
107,2026-01-12,5.5
107,2026-01-13,6.15
107,2026-01-14,6.79
108,2026-01-01,6.43
108,2026-01-02,4.74
108,2026-01-03,8.29
108,2026-01-04,6.16
108,2026-01-05,6.0
108,2026-01-06,4.58
108,2026-01-07,6.31
108,2026-01-08,6.04
108,2026-01-09,7.21
108,2026-01-10,6.85
108,2026-01-11,5.82
108,2026-01-12,6.51
108,2026-01-13,6.46
108,2026-01-14,6.13
109,2026-01-01,7.53
109,2026-01-02,5.58
109,2026-01-03,5.81
109,2026-01-04,6.84
109,2026-01-05,7.25
109,2026-01-06,5.01
109,2026-01-07,6.39
109,2026-01-08,8.3
109,2026-01-09,5.1
109,2026-01-10,6.25
109,2026-01-11,7.97
109,2026-01-12,5.06
109,2026-01-13,7.92
109,2026-01-14,8.48
110,2026-01-01,5.77
110,2026-01-02,6.39
110,2026-01-03,5.87
110,2026-01-04,7.2
110,2026-01-05,6.48
110,2026-01-06,5.64
110,2026-01-07,5.42
110,2026-01-08,5.24
110,2026-01-09,4.61
110,2026-01-10,7.53
110,2026-01-11,6.84
110,2026-01-12,4.73
110,2026-01-13,4.0
110,2026-01-14,6.17
111,2026-01-01,6.58
111,2026-01-02,7.29
111,2026-01-03,6.63
111,2026-01-04,8.27
111,2026-01-05,8.56
111,2026-01-06,8.88
111,2026-01-07,6.58
111,2026-01-08,7.63
111,2026-01-09,7.26
111,2026-01-10,7.99
111,2026-01-11,8.67
111,2026-01-12,7.54
111,2026-01-13,7.28
111,2026-01-14,6.76
112,2026-01-01,4.71
112,2026-01-02,6.37
112,2026-01-03,7.36
112,2026-01-04,5.73
112,2026-01-05,7.0
112,2026-01-06,6.78
112,2026-01-07,7.14
112,2026-01-08,5.7
112,2026-01-09,5.17
112,2026-01-10,6.99
112,2026-01-11,5.16
112,2026-01-12,7.62
112,2026-01-13,7.72
112,2026-01-14,7.33
113,2026-01-01,5.5
113,2026-01-02,6.01
113,2026-01-03,4.93
113,2026-01-04,6.49
113,2026-01-05,6.06
113,2026-01-06,5.74
113,2026-01-07,4.76
113,2026-01-08,5.73
113,2026-01-09,6.44
113,2026-01-10,6.66
113,2026-01-11,5.09
113,2026-01-12,5.74
113,2026-01-13,5.27
113,2026-01-14,5.63
114,2026-01-01,6.64
114,2026-01-02,7.23
114,2026-01-03,8.17
114,2026-01-04,7.62
114,2026-01-05,5.02
114,2026-01-06,7.12
114,2026-01-07,6.6
114,2026-01-08,6.58
114,2026-01-09,7.21
114,2026-01-10,6.66
114,2026-01-11,7.4
114,2026-01-12,6.16
114,2026-01-13,7.74
114,2026-01-14,8.06
115,2026-01-01,6.87
115,2026-01-02,6.87
115,2026-01-03,5.31
115,2026-01-04,5.29
115,2026-01-05,6.37
115,2026-01-06,6.59
115,2026-01-07,6.99
115,2026-01-08,5.82
115,2026-01-09,4.83
115,2026-01-10,6.12
115,2026-01-11,6.47
115,2026-01-12,4.8
115,2026-01-13,5.84
115,2026-01-14,5.35
116,2026-01-01,6.18
116,2026-01-02,6.96
116,2026-01-03,4.89
116,2026-01-04,7.95
116,2026-01-05,5.95
116,2026-01-06,5.94
116,2026-01-07,6.63
116,2026-01-08,7.79
116,2026-01-09,7.35
116,2026-01-10,6.04
116,2026-01-11,8.14
116,2026-01-12,7.25
116,2026-01-13,5.09
116,2026-01-14,5.25
117,2026-01-01,6.23
117,2026-01-02,6.32
117,2026-01-03,6.82
117,2026-01-04,5.78
117,2026-01-05,5.68
117,2026-01-06,5.69
117,2026-01-07,6.67
117,2026-01-08,6.88
117,2026-01-09,7.36
117,2026-01-10,7.46
117,2026-01-11,6.99
117,2026-01-12,6.46
117,2026-01-13,7.36
117,2026-01-14,6.71
118,2026-01-01,7.51
118,2026-01-02,8.57
118,2026-01-03,4.71
118,2026-01-04,6.85
118,2026-01-05,6.34
118,2026-01-06,6.49
118,2026-01-07,5.41
118,2026-01-08,6.79
118,2026-01-09,7.25
118,2026-01-10,5.06
118,2026-01-11,4.31
118,2026-01-12,6.51
118,2026-01-13,5.36
118,2026-01-14,6.2
119,2026-01-01,7.15
119,2026-01-02,6.15
119,2026-01-03,7.55
119,2026-01-04,6.01
119,2026-01-05,6.95
119,2026-01-06,4.82
119,2026-01-07,5.22
119,2026-01-08,5.85
119,2026-01-09,6.38
119,2026-01-10,7.87
119,2026-01-11,5.88
119,2026-01-12,6.81
119,2026-01-13,6.81
119,2026-01-14,7.98
120,2026-01-01,5.84
120,2026-01-02,6.72
120,2026-01-03,6.19
120,2026-01-04,6.01
120,2026-01-05,7.71
120,2026-01-06,5.67
120,2026-01-07,6.3
120,2026-01-08,6.79
120,2026-01-09,6.83
120,2026-01-10,5.26
120,2026-01-11,6.33
120,2026-01-12,6.09
120,2026-01-13,7.79
120,2026-01-14,6.92
121,2026-01-01,5.32
121,2026-01-02,6.3
121,2026-01-03,5.82
121,2026-01-04,7.72
121,2026-01-05,6.6
121,2026-01-06,5.71
121,2026-01-07,6.38
121,2026-01-08,7.63
121,2026-01-09,6.48
121,2026-01-10,6.43
121,2026-01-11,5.77
121,2026-01-12,5.35
121,2026-01-13,7.28
121,2026-01-14,6.46
122,2026-01-01,8.27
122,2026-01-02,7.14
122,2026-01-03,7.27
122,2026-01-04,7.75
122,2026-01-05,7.47
122,2026-01-06,6.72
122,2026-01-07,6.67
122,2026-01-08,8.17
122,2026-01-09,7.04
122,2026-01-10,6.45
122,2026-01-11,7.24
122,2026-01-12,6.45
122,2026-01-13,7.38
122,2026-01-14,5.8
123,2026-01-01,6.74
123,2026-01-02,6.27
123,2026-01-03,6.89
123,2026-01-04,6.6
123,2026-01-05,7.2
123,2026-01-06,6.5
123,2026-01-07,6.68
123,2026-01-08,6.0
123,2026-01-09,8.25
123,2026-01-10,6.36
123,2026-01-11,7.35
123,2026-01-12,6.78
123,2026-01-13,6.82
123,2026-01-14,8.25
124,2026-01-01,6.29
124,2026-01-02,5.1
124,2026-01-03,6.47
124,2026-01-04,7.86
124,2026-01-05,6.84
124,2026-01-06,6.75
124,2026-01-07,7.03
124,2026-01-08,6.27
124,2026-01-09,5.2
124,2026-01-10,6.17
124,2026-01-11,6.8
124,2026-01-12,6.91
124,2026-01-13,7.63
124,2026-01-14,6.53
125,2026-01-01,7.49
125,2026-01-02,6.65
125,2026-01-03,7.85
125,2026-01-04,6.55
125,2026-01-05,7.56
125,2026-01-06,6.36
125,2026-01-07,6.74
125,2026-01-08,7.54
125,2026-01-09,6.03
125,2026-01-10,5.95
125,2026-01-11,5.55
125,2026-01-12,7.73
125,2026-01-13,6.58
125,2026-01-14,4.86
126,2026-01-01,6.16
126,2026-01-02,6.49
126,2026-01-03,5.83
126,2026-01-04,6.02
126,2026-01-05,5.86
126,2026-01-06,6.69
126,2026-01-07,7.31
126,2026-01-08,6.93
126,2026-01-09,6.17
126,2026-01-10,6.27
126,2026-01-11,6.04
126,2026-01-12,8.3
126,2026-01-13,5.74
126,2026-01-14,6.78
127,2026-01-01,8.25
127,2026-01-02,4.54
127,2026-01-03,8.88
127,2026-01-04,5.32
127,2026-01-05,6.12
127,2026-01-06,6.98
127,2026-01-07,7.05
127,2026-01-08,6.66
127,2026-01-09,5.02
127,2026-01-10,5.54
127,2026-01-11,5.87
127,2026-01-12,5.33
127,2026-01-13,8.52
127,2026-01-14,8.77
128,2026-01-01,6.49
128,2026-01-02,6.27
128,2026-01-03,7.55
128,2026-01-04,6.15
128,2026-01-05,7.24
128,2026-01-06,5.46
128,2026-01-07,7.67
128,2026-01-08,6.7
128,2026-01-09,4.87
128,2026-01-10,6.24
128,2026-01-11,7.31
128,2026-01-12,6.6
128,2026-01-13,8.37
128,2026-01-14,6.39
129,2026-01-01,7.72
129,2026-01-02,7.77
129,2026-01-03,7.55
129,2026-01-04,5.92
129,2026-01-05,5.75
129,2026-01-06,6.6
129,2026-01-07,5.84
129,2026-01-08,6.48
129,2026-01-09,8.17
129,2026-01-10,7.99
129,2026-01-11,6.58
129,2026-01-12,7.03
129,2026-01-13,6.7
129,2026-01-14,5.75
130,2026-01-01,7.0
130,2026-01-02,6.55
130,2026-01-03,7.0
130,2026-01-04,4.89
130,2026-01-05,6.16
130,2026-01-06,5.09
130,2026-01-07,7.36
130,2026-01-08,5.19
130,2026-01-09,5.29
130,2026-01-10,6.17
130,2026-01-11,5.85
130,2026-01-12,6.34
130,2026-01-13,8.27
130,2026-01-14,5.99
131,2026-01-01,5.58
131,2026-01-02,6.44
131,2026-01-03,5.98
131,2026-01-04,7.88
131,2026-01-05,4.05
131,2026-01-06,6.22
131,2026-01-07,6.02
131,2026-01-08,7.36
131,2026-01-09,5.65
131,2026-01-10,6.49
131,2026-01-11,5.64
131,2026-01-12,7.31
131,2026-01-13,8.7
131,2026-01-14,4.82
132,2026-01-01,6.25
132,2026-01-02,6.6
132,2026-01-03,7.24
132,2026-01-04,5.47
132,2026-01-05,6.3
132,2026-01-06,6.82
132,2026-01-07,6.63
132,2026-01-08,7.28
132,2026-01-09,6.4
132,2026-01-10,7.84
132,2026-01-11,6.47
132,2026-01-12,8.31
132,2026-01-13,8.16
132,2026-01-14,4.77
133,2026-01-01,5.03
133,2026-01-02,8.18
133,2026-01-03,7.27
133,2026-01-04,6.38
133,2026-01-05,7.15
133,2026-01-06,6.72
133,2026-01-07,5.93
133,2026-01-08,6.96
133,2026-01-09,6.85
133,2026-01-10,8.72
133,2026-01-11,7.24
133,2026-01-12,7.34
133,2026-01-13,7.53
133,2026-01-14,6.77
134,2026-01-01,6.17
134,2026-01-02,6.57
134,2026-01-03,6.72
134,2026-01-04,5.91
134,2026-01-05,7.09
134,2026-01-06,6.89
134,2026-01-07,5.82
134,2026-01-08,8.11
134,2026-01-09,7.59
134,2026-01-10,5.72
134,2026-01-11,5.25
134,2026-01-12,6.8
134,2026-01-13,7.28
134,2026-01-14,5.57
135,2026-01-01,6.59
135,2026-01-02,6.01
135,2026-01-03,6.49
135,2026-01-04,6.13
135,2026-01-05,5.2
135,2026-01-06,7.49
135,2026-01-07,5.82
135,2026-01-08,7.94
135,2026-01-09,6.33
135,2026-01-10,5.53
135,2026-01-11,5.88
135,2026-01-12,6.5
135,2026-01-13,4.59
135,2026-01-14,4.48
136,2026-01-01,5.42
136,2026-01-02,7.56
136,2026-01-03,7.33
136,2026-01-04,6.28
136,2026-01-05,6.23
136,2026-01-06,8.26
136,2026-01-07,6.01
136,2026-01-08,5.33
136,2026-01-09,7.2
136,2026-01-10,6.48
136,2026-01-11,5.85
136,2026-01-12,5.13
136,2026-01-13,5.57
136,2026-01-14,6.5
137,2026-01-01,5.19
137,2026-01-02,4.55
137,2026-01-03,6.3
137,2026-01-04,5.73
137,2026-01-05,6.96
137,2026-01-06,6.43
137,2026-01-07,4.71
137,2026-01-08,6.16
137,2026-01-09,6.29
137,2026-01-10,6.81
137,2026-01-11,6.24
137,2026-01-12,6.4
137,2026-01-13,5.81
137,2026-01-14,5.07
138,2026-01-01,5.65
138,2026-01-02,7.56
138,2026-01-03,5.58
138,2026-01-04,7.28
138,2026-01-05,6.56
138,2026-01-06,5.67
138,2026-01-07,5.89
138,2026-01-08,5.56
138,2026-01-09,7.07
138,2026-01-10,7.14
138,2026-01-11,6.13
138,2026-01-12,7.72
138,2026-01-13,6.91
138,2026-01-14,6.37
139,2026-01-01,6.53
139,2026-01-02,6.83
139,2026-01-03,6.54
139,2026-01-04,5.13
139,2026-01-05,6.66
139,2026-01-06,6.55
139,2026-01-07,5.21
139,2026-01-08,6.37
139,2026-01-09,4.0
139,2026-01-10,7.06
139,2026-01-11,7.73
139,2026-01-12,6.21
139,2026-01-13,6.76
139,2026-01-14,6.32
140,2026-01-01,7.94
140,2026-01-02,6.42
140,2026-01-03,8.34
140,2026-01-04,5.98
140,2026-01-05,7.88
140,2026-01-06,7.31
140,2026-01-07,7.01
140,2026-01-08,8.18
140,2026-01-09,6.52
140,2026-01-10,9.0
140,2026-01-11,6.24
140,2026-01-12,7.03
140,2026-01-13,8.43
140,2026-01-14,5.48
141,2026-01-01,6.67
141,2026-01-02,7.39
141,2026-01-03,7.24
141,2026-01-04,5.91
141,2026-01-05,6.56
141,2026-01-06,4.9
141,2026-01-07,6.04
141,2026-01-08,5.34
141,2026-01-09,7.17
141,2026-01-10,4.41
141,2026-01-11,5.01
141,2026-01-12,7.19
141,2026-01-13,7.43
141,2026-01-14,7.88
142,2026-01-01,4.0
142,2026-01-02,7.59
142,2026-01-03,7.64
142,2026-01-04,6.05
142,2026-01-05,5.66
142,2026-01-06,7.8
142,2026-01-07,6.02
142,2026-01-08,6.74
142,2026-01-09,5.92
142,2026-01-10,4.18
142,2026-01-11,6.22
142,2026-01-12,8.11
142,2026-01-13,6.2
142,2026-01-14,5.36
143,2026-01-01,7.45
143,2026-01-02,5.48
143,2026-01-03,5.88
143,2026-01-04,4.58
143,2026-01-05,4.95
143,2026-01-06,6.23
143,2026-01-07,4.0
143,2026-01-08,4.0
143,2026-01-09,7.67
143,2026-01-10,6.19
143,2026-01-11,6.94
143,2026-01-12,5.89
143,2026-01-13,7.3
143,2026-01-14,7.16
144,2026-01-01,7.04
144,2026-01-02,8.07
144,2026-01-03,6.38
144,2026-01-04,6.19
144,2026-01-05,5.64
144,2026-01-06,5.83
144,2026-01-07,7.9
144,2026-01-08,6.39
144,2026-01-09,6.96
144,2026-01-10,5.26
144,2026-01-11,5.89
144,2026-01-12,7.17
144,2026-01-13,5.77
144,2026-01-14,4.39
145,2026-01-01,6.19
145,2026-01-02,5.14
145,2026-01-03,5.77
145,2026-01-04,5.53
145,2026-01-05,5.21
145,2026-01-06,6.29
145,2026-01-07,6.96
145,2026-01-08,5.75
145,2026-01-09,7.51
145,2026-01-10,8.27
145,2026-01-11,5.42
145,2026-01-12,6.53
145,2026-01-13,6.57
145,2026-01-14,5.62
146,2026-01-01,5.19
146,2026-01-02,6.98
146,2026-01-03,6.39
146,2026-01-04,6.51
146,2026-01-05,5.88
146,2026-01-06,4.88
146,2026-01-07,6.28
146,2026-01-08,7.38
146,2026-01-09,6.98
146,2026-01-10,6.16
146,2026-01-11,6.51
146,2026-01-12,4.32
146,2026-01-13,7.35
146,2026-01-14,4.77
147,2026-01-01,6.57
147,2026-01-02,5.15
147,2026-01-03,6.43
147,2026-01-04,5.84
147,2026-01-05,5.41
147,2026-01-06,6.13
147,2026-01-07,6.78
147,2026-01-08,6.77
147,2026-01-09,5.5
147,2026-01-10,7.08
147,2026-01-11,6.04
147,2026-01-12,5.56
147,2026-01-13,5.2
147,2026-01-14,5.5
148,2026-01-01,4.54
148,2026-01-02,5.68
148,2026-01-03,6.78
148,2026-01-04,6.86
148,2026-01-05,6.44
148,2026-01-06,7.35
148,2026-01-07,7.36
148,2026-01-08,6.3
148,2026-01-09,6.37
148,2026-01-10,5.77
148,2026-01-11,4.51
148,2026-01-12,6.41
148,2026-01-13,7.32
148,2026-01-14,5.12
149,2026-01-01,6.34
149,2026-01-02,6.27
149,2026-01-03,7.91
149,2026-01-04,6.56
149,2026-01-05,6.38
149,2026-01-06,7.21
149,2026-01-07,6.06
149,2026-01-08,5.23
149,2026-01-09,8.22
149,2026-01-10,7.7
149,2026-01-11,6.03
149,2026-01-12,5.63
149,2026-01-13,9.0
149,2026-01-14,7.38
150,2026-01-01,9.0
150,2026-01-02,6.27
150,2026-01-03,5.75
150,2026-01-04,5.45
150,2026-01-05,5.64
150,2026-01-06,6.16
150,2026-01-07,6.22
150,2026-01-08,6.53
150,2026-01-09,6.2
150,2026-01-10,6.36
150,2026-01-11,7.31
150,2026-01-12,7.46
150,2026-01-13,4.82
150,2026-01-14,7.85
